Time,SYS_3_PSZ SP-DINING SYS-3 FLR-1 SCH-B HPLCMT-SOUTH ZN:DesPer 1:Des Heat Mass Flow [kg/s],SYS_3_PSZ SP-DINING SYS-3 FLR-1 SCH-B HPLCMT-SOUTH ZN:DesPer 1:Des Heat Cap [W],SYS_3_PSZ SP-DINING SYS-3 FLR-1 SCH-B HPLCMT-SOUTH ZN:DesPer 1:Des Cool Mass Flow [kg/s],SYS_3_PSZ SP-DINING SYS-3 FLR-1 SCH-B HPLCMT-SOUTH ZN:DesPer 1:Des Sens Cool Cap [W],SYS_3_PSZ SP-DINING SYS-3 FLR-1 SCH-B HPLCMT-SOUTH ZN:DesPer 1:Des Tot Cool Cap [W],SYS_3_PSZ SP-DINING SYS-3 FLR-1 SCH-B HPLCMT-SOUTH ZN:DesPer 2:Des Heat Mass Flow [kg/s],SYS_3_PSZ SP-DINING SYS-3 FLR-1 SCH-B HPLCMT-SOUTH ZN:DesPer 2:Des Heat Cap [W],SYS_3_PSZ SP-DINING SYS-3 FLR-1 SCH-B HPLCMT-SOUTH ZN:DesPer 2:Des Cool Mass Flow [kg/s],SYS_3_PSZ SP-DINING SYS-3 FLR-1 SCH-B HPLCMT-SOUTH ZN:DesPer 2:Des Sens Cool Cap [W],SYS_3_PSZ SP-DINING SYS-3 FLR-1 SCH-B HPLCMT-SOUTH ZN:DesPer 2:Des Tot Cool Cap [W],SYS_3_PSZ SP-KITCHEN SYS-3 FLR-1 SCH-B HPLCMT-NORTH ZN:DesPer 1:Des Heat Mass Flow [kg/s],SYS_3_PSZ SP-KITCHEN SYS-3 FLR-1 SCH-B HPLCMT-NORTH ZN:DesPer 1:Des Heat Cap [W],SYS_3_PSZ SP-KITCHEN SYS-3 FLR-1 SCH-B HPLCMT-NORTH ZN:DesPer 1:Des Cool Mass Flow [kg/s],SYS_3_PSZ SP-KITCHEN SYS-3 FLR-1 SCH-B HPLCMT-NORTH ZN:DesPer 1:Des Sens Cool Cap [W],SYS_3_PSZ SP-KITCHEN SYS-3 FLR-1 SCH-B HPLCMT-NORTH ZN:DesPer 1:Des Tot Cool Cap [W],SYS_3_PSZ SP-KITCHEN SYS-3 FLR-1 SCH-B HPLCMT-NORTH ZN:DesPer 2:Des Heat Mass Flow [kg/s],SYS_3_PSZ SP-KITCHEN SYS-3 FLR-1 SCH-B HPLCMT-NORTH ZN:DesPer 2:Des Heat Cap [W],SYS_3_PSZ SP-KITCHEN SYS-3 FLR-1 SCH-B HPLCMT-NORTH ZN:DesPer 2:Des Cool Mass Flow [kg/s],SYS_3_PSZ SP-KITCHEN SYS-3 FLR-1 SCH-B HPLCMT-NORTH ZN:DesPer 2:Des Sens Cool Cap [W],SYS_3_PSZ SP-KITCHEN SYS-3 FLR-1 SCH-B HPLCMT-NORTH ZN:DesPer 2:Des Tot Cool Cap [W]
00:10:00,1.407748E+00,3.471821E+04,1.407748E+00,7.719402E+03,5.900947E+03,1.407748E+00,1.011430E+05,1.407748E+00,0.000000E+00,0.000000E+00,2.021761E-01,4.986116E+03,3.085483E-01,2.284337E+03,2.101371E+03,2.021761E-01,1.452582E+04,2.021761E-01,0.000000E+00,0.000000E+00
00:20:00,1.407748E+00,3.488938E+04,1.407748E+00,7.548237E+03,5.727283E+03,1.407748E+00,1.011430E+05,1.407748E+00,0.000000E+00,0.000000E+00,2.021761E-01,5.010698E+03,3.054932E-01,2.225992E+03,2.037363E+03,2.021761E-01,1.452582E+04,2.021761E-01,0.000000E+00,0.000000E+00
00:30:00,1.407748E+00,3.506054E+04,1.407748E+00,7.377072E+03,5.553599E+03,1.407748E+00,1.011430E+05,1.407748E+00,0.000000E+00,0.000000E+00,2.021761E-01,5.035281E+03,3.024793E-01,2.168102E+03,1.973440E+03,2.021761E-01,1.452582E+04,2.021761E-01,0.000000E+00,0.000000E+00
00:40:00,1.407748E+00,3.523171E+04,1.407748E+00,7.205907E+03,5.379915E+03,1.407748E+00,1.011430E+05,1.407748E+00,0.000000E+00,0.000000E+00,2.021761E-01,5.059863E+03,2.994997E-01,2.110591E+03,1.910767E+03,2.021761E-01,1.452582E+04,2.021761E-01,0.000000E+00,0.000000E+00
00:50:00,1.407748E+00,3.540287E+04,1.407748E+00,7.034742E+03,5.206231E+03,1.407748E+00,1.011430E+05,1.407748E+00,0.000000E+00,0.000000E+00,2.021761E-01,5.084445E+03,2.965480E-01,2.053387E+03,1.849514E+03,2.021761E-01,1.452582E+04,2.021761E-01,0.000000E+00,0.000000E+00
01:00:00,1.407748E+00,3.557404E+04,1.407748E+00,6.863577E+03,5.032545E+03,1.407748E+00,1.011430E+05,1.407748E+00,0.000000E+00,0.000000E+00,2.021761E-01,5.109027E+03,2.936158E-01,1.996399E+03,1.789327E+03,2.021761E-01,1.452582E+04,2.021761E-01,0.000000E+00,0.000000E+00
01:10:00,1.407748E+00,3.568815E+04,1.407748E+00,6.749467E+03,4.916771E+03,1.407748E+00,1.011430E+05,1.407748E+00,0.000000E+00,0.000000E+00,2.021761E-01,5.125415E+03,2.436987E-01,1.432899E+03,1.195328E+03,2.021761E-01,1.452582E+04,2.021761E-01,0.000000E+00,0.000000E+00
01:20:00,1.407748E+00,3.580226E+04,1.407748E+00,6.635357E+03,4.800975E+03,1.407748E+00,1.011430E+05,1.407748E+00,0.000000E+00,0.000000E+00,2.021761E-01,5.141803E+03,2.021761E-01,9.529483E+02,6.895003E+02,2.021761E-01,1.452582E+04,2.021761E-01,0.000000E+00,0.000000E+00
01:30:00,1.407748E+00,3.591637E+04,1.407748E+00,6.521247E+03,4.685177E+03,1.407748E+00,1.011430E+05,1.407748E+00,0.000000E+00,0.000000E+00,2.021761E-01,5.158191E+03,2.021761E-01,9.365602E+02,6.728698E+02,2.021761E-01,1.452582E+04,2.021761E-01,0.000000E+00,0.000000E+00
01:40:00,1.407748E+00,3.603048E+04,1.407748E+00,6.407137E+03,4.569402E+03,1.407748E+00,1.011430E+05,1.407748E+00,0.000000E+00,0.000000E+00,2.021761E-01,5.174580E+03,2.021761E-01,9.201721E+02,6.562426E+02,2.021761E-01,1.452582E+04,2.021761E-01,0.000000E+00,0.000000E+00
01:50:00,1.407748E+00,3.614459E+04,1.407748E+00,6.293027E+03,4.453605E+03,1.407748E+00,1.011430E+05,1.407748E+00,0.000000E+00,0.000000E+00,2.021761E-01,5.190968E+03,2.021761E-01,9.037839E+02,6.396122E+02,2.047803E-01,1.458078E+04,2.021761E-01,0.000000E+00,0.000000E+00
02:00:00,1.407748E+00,3.625870E+04,1.407748E+00,6.178917E+03,4.337830E+03,1.407748E+00,1.011430E+05,1.407748E+00,0.000000E+00,0.000000E+00,2.021761E-01,5.207356E+03,2.021761E-01,8.873958E+02,6.229849E+02,2.125623E-01,1.474499E+04,2.021761E-01,0.000000E+00,0.000000E+00
02:10:00,1.407748E+00,3.634428E+04,1.407748E+00,6.093334E+03,4.250989E+03,1.407748E+00,1.011430E+05,1.407748E+00,0.000000E+00,0.000000E+00,2.021761E-01,5.219647E+03,2.021761E-01,8.751048E+02,6.105131E+02,2.021761E-01,1.452582E+04,2.021761E-01,0.000000E+00,0.000000E+00
02:20:00,1.407748E+00,3.642986E+04,1.407748E+00,6.007752E+03,4.164146E+03,1.407748E+00,1.011430E+05,1.407748E+00,0.000000E+00,0.000000E+00,2.021761E-01,5.231938E+03,2.021761E-01,8.628137E+02,5.980410E+02,2.021761E-01,1.452582E+04,2.021761E-01,0.000000E+00,0.000000E+00
02:30:00,1.407748E+00,3.651545E+04,1.407748E+00,5.922169E+03,4.077304E+03,1.407748E+00,1.011430E+05,1.407748E+00,0.000000E+00,0.000000E+00,2.021761E-01,5.244229E+03,2.021761E-01,8.505226E+02,5.855691E+02,2.021761E-01,1.452582E+04,2.021761E-01,0.000000E+00,0.000000E+00
02:40:00,1.407748E+00,3.660103E+04,1.407748E+00,5.836587E+03,3.990460E+03,1.407748E+00,1.011430E+05,1.407748E+00,0.000000E+00,0.000000E+00,2.021761E-01,5.256520E+03,2.021761E-01,8.382315E+02,5.730969E+02,2.021761E-01,1.452582E+04,2.021761E-01,0.000000E+00,0.000000E+00
02:50:00,1.407748E+00,3.668661E+04,1.407748E+00,5.751004E+03,3.903619E+03,1.407748E+00,1.011430E+05,1.407748E+00,0.000000E+00,0.000000E+00,2.021761E-01,5.268811E+03,2.021761E-01,8.259404E+02,5.606250E+02,2.021761E-01,1.452582E+04,2.021761E-01,0.000000E+00,0.000000E+00
03:00:00,1.407748E+00,3.677219E+04,1.407748E+00,5.665422E+03,3.816777E+03,1.407748E+00,1.011430E+05,1.407748E+00,0.000000E+00,0.000000E+00,2.021761E-01,5.281102E+03,2.021761E-01,8.136493E+02,5.481530E+02,2.021761E-01,1.452582E+04,2.021761E-01,0.000000E+00,0.000000E+00
03:10:00,1.407748E+00,3.685778E+04,1.407748E+00,5.579839E+03,3.729935E+03,1.407748E+00,1.011430E+05,1.407748E+00,0.000000E+00,0.000000E+00,2.021761E-01,5.293393E+03,2.021761E-01,8.013583E+02,5.356810E+02,2.021761E-01,1.452582E+04,2.021761E-01,0.000000E+00,0.000000E+00
03:20:00,1.407748E+00,3.694336E+04,1.407748E+00,5.494257E+03,3.643093E+03,1.407748E+00,1.011430E+05,1.407748E+00,0.000000E+00,0.000000E+00,2.021761E-01,5.305684E+03,2.021761E-01,7.890672E+02,5.232091E+02,2.021761E-01,1.452582E+04,2.021761E-01,0.000000E+00,0.000000E+00
03:30:00,1.407748E+00,3.702894E+04,1.407748E+00,5.408674E+03,3.556249E+03,1.407748E+00,1.011430E+05,1.407748E+00,0.000000E+00,0.000000E+00,2.021761E-01,5.317976E+03,2.021761E-01,7.767761E+02,5.107369E+02,2.021761E-01,1.452582E+04,2.021761E-01,0.000000E+00,0.000000E+00
03:40:00,1.407748E+00,3.711452E+04,1.407748E+00,5.323092E+03,3.469407E+03,1.407748E+00,1.011430E+05,1.407748E+00,0.000000E+00,0.000000E+00,2.021761E-01,5.330267E+03,2.021761E-01,7.644850E+02,4.982649E+02,2.021761E-01,1.452582E+04,2.021761E-01,0.000000E+00,0.000000E+00
03:50:00,1.407748E+00,3.720011E+04,1.407748E+00,5.237509E+03,3.382588E+03,1.407748E+00,1.011430E+05,1.407748E+00,0.000000E+00,0.000000E+00,2.021761E-01,5.342558E+03,2.021761E-01,7.521939E+02,4.857962E+02,2.021761E-01,1.452582E+04,2.021761E-01,0.000000E+00,0.000000E+00
04:00:00,1.407748E+00,3.728569E+04,1.407748E+00,5.151927E+03,3.295746E+03,1.407748E+00,1.011430E+05,1.407748E+00,0.000000E+00,0.000000E+00,2.021761E-01,5.354849E+03,2.021761E-01,7.399028E+02,4.733242E+02,2.021761E-01,1.452582E+04,2.021761E-01,0.000000E+00,0.000000E+00
04:10:00,1.407748E+00,3.734274E+04,1.407748E+00,5.094872E+03,3.237836E+03,1.407748E+00,1.011430E+05,1.407748E+00,0.000000E+00,0.000000E+00,2.021761E-01,5.363043E+03,2.021761E-01,7.317088E+02,4.650074E+02,2.021761E-01,1.452582E+04,2.021761E-01,0.000000E+00,0.000000E+00
04:20:00,1.407748E+00,3.739980E+04,1.407748E+00,5.037817E+03,3.179948E+03,1.407748E+00,1.011430E+05,1.407748E+00,0.000000E+00,0.000000E+00,2.021761E-01,5.371237E+03,2.021761E-01,7.235147E+02,4.566938E+02,2.021761E-01,1.452582E+04,2.021761E-01,0.000000E+00,0.000000E+00
04:30:00,1.407748E+00,3.745685E+04,1.407748E+00,4.980762E+03,3.122060E+03,1.407748E+00,1.011430E+05,1.407748E+00,0.000000E+00,0.000000E+00,2.021761E-01,5.379431E+03,2.021761E-01,7.153207E+02,4.483801E+02,2.021761E-01,1.452582E+04,2.021761E-01,0.000000E+00,0.000000E+00
04:40:00,1.407748E+00,3.751391E+04,1.407748E+00,4.923706E+03,3.064151E+03,1.407748E+00,1.011430E+05,1.407748E+00,0.000000E+00,0.000000E+00,2.021761E-01,5.387625E+03,2.021761E-01,7.071266E+02,4.400634E+02,2.021761E-01,1.452582E+04,2.021761E-01,0.000000E+00,0.000000E+00
04:50:00,1.407748E+00,3.757096E+04,1.407748E+00,4.866651E+03,3.006264E+03,1.407748E+00,1.011430E+05,1.407748E+00,0.000000E+00,0.000000E+00,2.021761E-01,5.395819E+03,2.021761E-01,6.989326E+02,4.317498E+02,2.021761E-01,1.452582E+04,2.021761E-01,0.000000E+00,0.000000E+00
05:00:00,1.407748E+00,3.762802E+04,1.407748E+00,4.809596E+03,2.948376E+03,1.407748E+00,1.011430E+05,1.407748E+00,0.000000E+00,0.000000E+00,2.021761E-01,5.404013E+03,2.021761E-01,6.907385E+02,4.234362E+02,2.021761E-01,1.452582E+04,2.021761E-01,0.000000E+00,0.000000E+00
05:10:00,1.407748E+00,3.757096E+04,1.407748E+00,4.866651E+03,3.006264E+03,1.407748E+00,1.011430E+05,1.407748E+00,0.000000E+00,0.000000E+00,2.021761E-01,5.395819E+03,2.021761E-01,6.989326E+02,4.317498E+02,2.021761E-01,1.452582E+04,2.021761E-01,0.000000E+00,0.000000E+00
05:20:00,1.407748E+00,3.751391E+04,1.407748E+00,4.923706E+03,3.064151E+03,1.407748E+00,1.011430E+05,1.407748E+00,0.000000E+00,0.000000E+00,2.021761E-01,5.387625E+03,2.021761E-01,7.071266E+02,4.400634E+02,2.021761E-01,1.452582E+04,2.021761E-01,0.000000E+00,0.000000E+00
05:30:00,1.407748E+00,3.745685E+04,1.407748E+00,4.980762E+03,3.122060E+03,1.407748E+00,1.011430E+05,1.407748E+00,0.000000E+00,0.000000E+00,2.021761E-01,5.379431E+03,2.021761E-01,7.153207E+02,4.483801E+02,2.021761E-01,1.452582E+04,2.021761E-01,0.000000E+00,0.000000E+00
05:40:00,1.407748E+00,3.739980E+04,1.407748E+00,5.037817E+03,3.179948E+03,1.407748E+00,1.011430E+05,1.407748E+00,0.000000E+00,0.000000E+00,2.021761E-01,5.371237E+03,2.021761E-01,7.235147E+02,4.566938E+02,2.021761E-01,1.452582E+04,2.021761E-01,0.000000E+00,0.000000E+00
05:50:00,1.407748E+00,3.734274E+04,1.407748E+00,5.094872E+03,3.237836E+03,1.407748E+00,1.011430E+05,1.407748E+00,0.000000E+00,0.000000E+00,2.021761E-01,5.363043E+03,2.021761E-01,7.317088E+02,4.650074E+02,2.021761E-01,1.452582E+04,2.021761E-01,0.000000E+00,0.000000E+00
06:00:00,1.407748E+00,3.728569E+04,1.407748E+00,5.151927E+03,3.295746E+03,1.407748E+00,1.011430E+05,1.407748E+00,0.000000E+00,0.000000E+00,2.021761E-01,5.354849E+03,2.021761E-01,7.399028E+02,4.733242E+02,2.021761E-01,1.452582E+04,2.021761E-01,0.000000E+00,0.000000E+00
06:10:00,1.407748E+00,3.708600E+04,1.407748E+00,5.351619E+03,3.498362E+03,1.407748E+00,1.011430E+05,1.407748E+00,0.000000E+00,0.000000E+00,2.021761E-01,5.326170E+03,2.021761E-01,7.685820E+02,5.024232E+02,2.021761E-01,1.452582E+04,2.021761E-01,0.000000E+00,0.000000E+00
06:20:00,1.407748E+00,3.688630E+04,1.407748E+00,5.551312E+03,3.701001E+03,1.407748E+00,1.011430E+05,1.407748E+00,0.000000E+00,0.000000E+00,2.021761E-01,5.297490E+03,2.021761E-01,7.972612E+02,5.315257E+02,2.021761E-01,1.452582E+04,2.021761E-01,0.000000E+00,0.000000E+00
06:30:00,1.407748E+00,3.668661E+04,1.407748E+00,5.751004E+03,3.903619E+03,1.407748E+00,1.011430E+05,1.407748E+00,0.000000E+00,0.000000E+00,2.021761E-01,5.268811E+03,2.021761E-01,8.259404E+02,5.606250E+02,2.021761E-01,1.452582E+04,2.021761E-01,0.000000E+00,0.000000E+00
06:40:00,1.407748E+00,3.648692E+04,1.407748E+00,5.950697E+03,4.106257E+03,1.407748E+00,1.011430E+05,1.407748E+00,0.000000E+00,0.000000E+00,2.021761E-01,5.240132E+03,2.021761E-01,8.546196E+02,5.897273E+02,2.021761E-01,1.452582E+04,2.021761E-01,0.000000E+00,0.000000E+00
06:50:00,1.407748E+00,3.628723E+04,1.407748E+00,6.150389E+03,4.308875E+03,1.407748E+00,1.011430E+05,1.407748E+00,0.000000E+00,0.000000E+00,2.021761E-01,5.211453E+03,2.021761E-01,8.832988E+02,6.188266E+02,2.021761E-01,1.452582E+04,2.021761E-01,0.000000E+00,0.000000E+00
07:00:00,1.407748E+00,3.608753E+04,1.407748E+00,6.350082E+03,4.511515E+03,1.407748E+00,1.011430E+05,1.407748E+00,0.000000E+00,0.000000E+00,2.021761E-01,5.182774E+03,2.021761E-01,9.119780E+02,6.479290E+02,2.021761E-01,1.452582E+04,2.021761E-01,0.000000E+00,0.000000E+00
07:10:00,1.407748E+00,3.560257E+04,1.407748E+00,6.835050E+03,5.003614E+03,1.407748E+00,1.011430E+05,1.407748E+00,0.000000E+00,0.000000E+00,2.021761E-01,5.113124E+03,2.021761E-01,9.816275E+02,7.186027E+02,2.021761E-01,1.452582E+04,2.021761E-01,0.000000E+00,0.000000E+00
07:20:00,1.407748E+00,3.511760E+04,1.407748E+00,7.320017E+03,5.495691E+03,1.407748E+00,1.011430E+05,1.407748E+00,0.000000E+00,0.000000E+00,2.021761E-01,5.043475E+03,2.021761E-01,1.051277E+03,7.892731E+02,2.021761E-01,1.452582E+04,2.021761E-01,0.000000E+00,0.000000E+00
07:30:00,1.407748E+00,3.463263E+04,1.407748E+00,7.804985E+03,5.987789E+03,1.407748E+00,1.011430E+05,1.407748E+00,0.000000E+00,0.000000E+00,2.021761E-01,4.973825E+03,2.021761E-01,1.120926E+03,8.599467E+02,2.021761E-01,1.452582E+04,2.021761E-01,0.000000E+00,0.000000E+00
07:40:00,1.407748E+00,3.414766E+04,1.407748E+00,8.289952E+03,6.479887E+03,1.407748E+00,1.011430E+05,1.407748E+00,0.000000E+00,0.000000E+00,2.021761E-01,4.904176E+03,2.021761E-01,1.190576E+03,9.306202E+02,2.021761E-01,1.452582E+04,2.021761E-01,0.000000E+00,0.000000E+00
07:50:00,1.407748E+00,3.366270E+04,1.407748E+00,8.774920E+03,6.971985E+03,1.407748E+00,1.011430E+05,1.407748E+00,0.000000E+00,0.000000E+00,2.021761E-01,4.834526E+03,2.021761E-01,1.260225E+03,1.001294E+03,2.021761E-01,1.452582E+04,2.021761E-01,0.000000E+00,0.000000E+00
08:00:00,1.407748E+00,3.317773E+04,1.407748E+00,9.259888E+03,7.464084E+03,1.407748E+00,1.011430E+05,1.407748E+00,0.000000E+00,0.000000E+00,2.021761E-01,4.764877E+03,2.021761E-01,1.329875E+03,1.071967E+03,2.021761E-01,1.452582E+04,2.021761E-01,0.000000E+00,0.000000E+00
08:10:00,1.407748E+00,3.263571E+04,1.407748E+00,9.801910E+03,8.014070E+03,1.407748E+00,1.011430E+05,1.407748E+00,0.000000E+00,0.000000E+00,2.021761E-01,4.687033E+03,2.021761E-01,1.407718E+03,1.150955E+03,2.021761E-01,1.452582E+04,2.021761E-01,0.000000E+00,0.000000E+00
08:20:00,1.407748E+00,3.209368E+04,1.407748E+00,1.034393E+04,8.564079E+03,1.407748E+00,1.011430E+05,1.407748E+00,0.000000E+00,0.000000E+00,2.021761E-01,4.609190E+03,2.021761E-01,1.485562E+03,1.229945E+03,2.021761E-01,1.452582E+04,2.021761E-01,0.000000E+00,0.000000E+00
08:30:00,1.407748E+00,3.155166E+04,1.407748E+00,1.088596E+04,9.114064E+03,1.407748E+00,1.011430E+05,1.407748E+00,0.000000E+00,0.000000E+00,2.021761E-01,4.531346E+03,2.488644E-01,2.193122E+03,1.949312E+03,2.021761E-01,1.452582E+04,2.021761E-01,0.000000E+00,0.000000E+00
08:40:00,1.407748E+00,3.100964E+04,1.407748E+00,1.142798E+04,9.664052E+03,1.407748E+00,1.011430E+05,1.407748E+00,0.000000E+00,0.000000E+00,2.021761E-01,4.453503E+03,3.058157E-01,2.957561E+03,2.726383E+03,2.021761E-01,1.452582E+04,2.021761E-01,0.000000E+00,0.000000E+00
08:50:00,1.407748E+00,3.046761E+04,1.407748E+00,1.197000E+04,1.021404E+04,1.407748E+00,1.011430E+05,1.407748E+00,0.000000E+00,0.000000E+00,2.021761E-01,4.375659E+03,3.616468E-01,3.616274E+03,3.394193E+03,2.127722E-01,1.477602E+04,2.021761E-01,0.000000E+00,0.000000E+00
09:00:00,1.407748E+00,2.992559E+04,1.407748E+00,1.251202E+04,1.076402E+04,1.407748E+00,1.011430E+05,1.407748E+00,0.000000E+00,0.000000E+00,2.021761E-01,4.297816E+03,4.163908E-01,4.169798E+03,3.954130E+03,2.293057E-01,1.515733E+04,2.021761E-01,0.000000E+00,0.000000E+00
09:10:00,1.407748E+00,2.944062E+04,1.407748E+00,1.299699E+04,1.125612E+04,1.407748E+00,1.011430E+05,1.407748E+00,0.000000E+00,0.000000E+00,2.021761E-01,4.228166E+03,3.749089E-01,3.772122E+03,3.549101E+03,2.458865E-01,1.552593E+04,2.021761E-01,0.000000E+00,0.000000E+00
09:20:00,1.407748E+00,2.895566E+04,1.407748E+00,1.348196E+04,1.174822E+04,1.407748E+00,1.011430E+05,1.407748E+00,0.000000E+00,0.000000E+00,2.021761E-01,4.158517E+03,3.799981E-01,3.901751E+03,3.684162E+03,2.600091E-01,1.582969E+04,2.021761E-01,0.000000E+00,0.000000E+00
09:30:00,1.407748E+00,2.847069E+04,1.407748E+00,1.396693E+04,1.224032E+04,1.407748E+00,1.011430E+05,1.407748E+00,0.000000E+00,0.000000E+00,2.021761E-01,4.088867E+03,3.608677E-01,3.759968E+03,3.544680E+03,2.734842E-01,1.610961E+04,2.021761E-01,0.000000E+00,0.000000E+00
09:40:00,1.407748E+00,2.798572E+04,1.407748E+00,1.445189E+04,1.273242E+04,1.407748E+00,1.011430E+05,1.407748E+00,0.000000E+00,0.000000E+00,2.021761E-01,4.019218E+03,3.683425E-01,3.912243E+03,3.703493E+03,2.863899E-01,1.636804E+04,2.021761E-01,0.000000E+00,0.000000E+00
09:50:00,1.407748E+00,2.750075E+04,1.407748E+00,1.493686E+04,1.322452E+04,1.407748E+00,1.011430E+05,1.407748E+00,0.000000E+00,0.000000E+00,2.021761E-01,3.949568E+03,3.766516E-01,4.073736E+03,3.870510E+03,2.986173E-01,1.660321E+04,2.021761E-01,0.000000E+00,0.000000E+00
10:00:00,1.407748E+00,2.701579E+04,1.407748E+00,1.542183E+04,1.371661E+04,1.407748E+00,1.011430E+05,1.407748E+00,0.000000E+00,0.000000E+00,2.021761E-01,3.879919E+03,3.856336E-01,4.242665E+03,4.044138E+03,3.103832E-01,1.682040E+04,2.021761E-01,0.000000E+00,0.000000E+00
10:10:00,1.407748E+00,2.658787E+04,1.407748E+00,1.584974E+04,1.415083E+04,1.407748E+00,1.011430E+05,1.407748E+00,0.000000E+00,0.000000E+00,2.021761E-01,3.818463E+03,3.900497E-01,4.352930E+03,4.157246E+03,2.885776E-01,1.634912E+04,2.021761E-01,0.000000E+00,0.000000E+00
10:20:00,1.407748E+00,2.615996E+04,1.407748E+00,1.627765E+04,1.458502E+04,1.407748E+00,1.011430E+05,1.407748E+00,0.000000E+00,0.000000E+00,2.021761E-01,3.757008E+03,3.938858E-01,4.456783E+03,4.267849E+03,2.965490E-01,1.651734E+04,2.021761E-01,0.000000E+00,0.000000E+00
10:30:00,1.407748E+00,2.573205E+04,1.407748E+00,1.670557E+04,1.501923E+04,1.407748E+00,1.011430E+05,1.407748E+00,0.000000E+00,0.000000E+00,2.021761E-01,3.695553E+03,3.971289E-01,4.554081E+03,4.372966E+03,2.828858E-01,1.622901E+04,2.021761E-01,0.000000E+00,0.000000E+00
10:40:00,1.407748E+00,2.530414E+04,1.407748E+00,1.713348E+04,1.545344E+04,1.407748E+00,1.011430E+05,1.407748E+00,0.000000E+00,0.000000E+00,2.021761E-01,3.634097E+03,3.997750E-01,4.644781E+03,4.470147E+03,2.754821E-01,1.607277E+04,2.021761E-01,0.000000E+00,0.000000E+00
10:50:00,1.407748E+00,2.487622E+04,1.407748E+00,1.756139E+04,1.588763E+04,1.407748E+00,1.011430E+05,1.407748E+00,0.000000E+00,0.000000E+00,2.021761E-01,3.572642E+03,4.019052E-01,4.729777E+03,4.559778E+03,2.686532E-01,1.592866E+04,2.021761E-01,0.000000E+00,0.000000E+00
11:00:00,1.407748E+00,2.444831E+04,1.407748E+00,1.798931E+04,1.632184E+04,1.407748E+00,1.011430E+05,1.407748E+00,0.000000E+00,0.000000E+00,2.021761E-01,3.511186E+03,4.036447E-01,4.810454E+03,4.643753E+03,2.622425E-01,1.579337E+04,2.021761E-01,0.000000E+00,0.000000E+00
11:10:00,1.407748E+00,2.416304E+04,1.407748E+00,1.827458E+04,1.661130E+04,1.407748E+00,1.011430E+05,1.407748E+00,0.000000E+00,0.000000E+00,2.021761E-01,3.470216E+03,4.063503E-01,4.881326E+03,4.717339E+03,2.553075E-01,1.564703E+04,2.021761E-01,0.000000E+00,0.000000E+00
11:20:00,1.407748E+00,2.387776E+04,1.407748E+00,1.855986E+04,1.690078E+04,1.407748E+00,1.011430E+05,1.407748E+00,0.000000E+00,0.000000E+00,2.021761E-01,3.429246E+03,4.090972E-01,4.952653E+03,4.805101E+03,2.485566E-01,1.550456E+04,2.021761E-01,0.000000E+00,0.000000E+00
11:30:00,1.407748E+00,2.359249E+04,1.407748E+00,1.884513E+04,1.719024E+04,1.407748E+00,1.011430E+05,1.407748E+00,0.000000E+00,0.000000E+00,2.021761E-01,3.388276E+03,4.120742E-01,5.026521E+03,4.899425E+03,2.419347E-01,1.536482E+04,2.021761E-01,0.000000E+00,0.000000E+00
11:40:00,1.407748E+00,2.330721E+04,1.407748E+00,1.913041E+04,1.747972E+04,1.407748E+00,1.011430E+05,1.407748E+00,0.000000E+00,0.000000E+00,2.021761E-01,3.347305E+03,4.154902E-01,5.105238E+03,4.994986E+03,2.354031E-01,1.522699E+04,2.021761E-01,0.000000E+00,0.000000E+00
11:50:00,1.407748E+00,2.302194E+04,1.407748E+00,1.941568E+04,1.776918E+04,1.407748E+00,1.011430E+05,1.407748E+00,0.000000E+00,0.000000E+00,2.021761E-01,3.306335E+03,4.195358E-01,5.190913E+03,5.092418E+03,2.289336E-01,1.509047E+04,2.021761E-01,0.000000E+00,0.000000E+00
12:00:00,1.407748E+00,2.273666E+04,1.407748E+00,1.970096E+04,1.805864E+04,1.407748E+00,1.011430E+05,1.407748E+00,0.000000E+00,0.000000E+00,2.021761E-01,3.265365E+03,4.243459E-01,5.285034E+03,5.194822E+03,2.225064E-01,1.495484E+04,2.021761E-01,0.000000E+00,0.000000E+00
12:10:00,1.407748E+00,2.250844E+04,1.407748E+00,1.992918E+04,1.829023E+04,1.407748E+00,1.011430E+05,1.407748E+00,0.000000E+00,0.000000E+00,2.021761E-01,3.232589E+03,4.257671E-01,5.333503E+03,5.247056E+03,2.185940E-01,1.487228E+04,2.021761E-01,0.000000E+00,0.000000E+00
12:20:00,1.407748E+00,2.228022E+04,1.407748E+00,2.015740E+04,1.852180E+04,1.407748E+00,1.011430E+05,1.407748E+00,0.000000E+00,0.000000E+00,2.021761E-01,3.199812E+03,4.275069E-01,5.385492E+03,5.322545E+03,2.149917E-01,1.479626E+04,2.021761E-01,0.000000E+00,0.000000E+00
12:30:00,1.407748E+00,2.205200E+04,1.407748E+00,2.038562E+04,1.875338E+04,1.407748E+00,1.011430E+05,1.407748E+00,0.000000E+00,0.000000E+00,2.021761E-01,3.167036E+03,4.297532E-01,5.443079E+03,5.409159E+03,2.115250E-01,1.472310E+04,2.021761E-01,0.000000E+00,0.000000E+00
12:40:00,1.407748E+00,2.182378E+04,1.407748E+00,2.061384E+04,1.898495E+04,1.407748E+00,1.011430E+05,1.407748E+00,0.000000E+00,0.000000E+00,2.021761E-01,3.134260E+03,4.324322E-01,5.505446E+03,5.494710E+03,2.081633E-01,1.465217E+04,2.021761E-01,0.000000E+00,0.000000E+00
12:50:00,1.407748E+00,2.159556E+04,1.407748E+00,2.084206E+04,1.921652E+04,1.407748E+00,1.011430E+05,1.407748E+00,0.000000E+00,0.000000E+00,2.021761E-01,3.101484E+03,4.355274E-01,5.572411E+03,5.576854E+03,2.048808E-01,1.458290E+04,2.021761E-01,0.000000E+00,0.000000E+00
13:00:00,1.407748E+00,2.136734E+04,1.407748E+00,2.107028E+04,1.944809E+04,1.407748E+00,1.011430E+05,1.407748E+00,0.000000E+00,0.000000E+00,2.021761E-01,3.068707E+03,4.389807E-01,5.643332E+03,5.657288E+03,2.021761E-01,1.452582E+04,2.021761E-01,0.000000E+00,0.000000E+00
13:10:00,1.407748E+00,2.122470E+04,1.407748E+00,2.121291E+04,1.959282E+04,1.407748E+00,1.011430E+05,1.407748E+00,0.000000E+00,0.000000E+00,2.021761E-01,3.048222E+03,4.396645E-01,5.671351E+03,5.688504E+03,2.021761E-01,1.452582E+04,2.021761E-01,0.000000E+00,0.000000E+00
13:20:00,1.407748E+00,2.108206E+04,1.407748E+00,2.135555E+04,1.973757E+04,1.407748E+00,1.011430E+05,1.407748E+00,0.000000E+00,0.000000E+00,2.021761E-01,3.027737E+03,4.404731E-01,5.700750E+03,5.714552E+03,2.021761E-01,1.452582E+04,2.021761E-01,0.000000E+00,0.000000E+00
13:30:00,1.407748E+00,2.093943E+04,1.407748E+00,2.149819E+04,1.988230E+04,1.407748E+00,1.011430E+05,1.407748E+00,0.000000E+00,0.000000E+00,2.021761E-01,3.007252E+03,4.415377E-01,5.732985E+03,5.741725E+03,2.021761E-01,1.452582E+04,2.021761E-01,0.000000E+00,0.000000E+00
13:40:00,1.407748E+00,2.079679E+04,1.407748E+00,2.164083E+04,2.002704E+04,1.407748E+00,1.011430E+05,1.407748E+00,0.000000E+00,0.000000E+00,2.021761E-01,2.986767E+03,4.429904E-01,5.769516E+03,5.774802E+03,2.021761E-01,1.452582E+04,2.021761E-01,0.000000E+00,0.000000E+00
13:50:00,1.407748E+00,2.065415E+04,1.407748E+00,2.178346E+04,2.017176E+04,1.407748E+00,1.011430E+05,1.407748E+00,0.000000E+00,0.000000E+00,2.021761E-01,2.966282E+03,4.448971E-01,5.811071E+03,5.815107E+03,2.021761E-01,1.452582E+04,2.021761E-01,0.000000E+00,0.000000E+00
14:00:00,1.407748E+00,2.051151E+04,1.407748E+00,2.192610E+04,2.031652E+04,1.407748E+00,1.011430E+05,1.407748E+00,0.000000E+00,0.000000E+00,2.021761E-01,2.945797E+03,4.473737E-01,5.858930E+03,5.863331E+03,2.021761E-01,1.452582E+04,2.021761E-01,0.000000E+00,0.000000E+00
14:10:00,1.407748E+00,2.051151E+04,1.407748E+00,2.192610E+04,2.031652E+04,1.407748E+00,1.011430E+05,1.407748E+00,0.000000E+00,0.000000E+00,2.021761E-01,2.945797E+03,4.493601E-01,5.880887E+03,5.885143E+03,2.021761E-01,1.452582E+04,2.021761E-01,0.000000E+00,0.000000E+00
14:20:00,1.407748E+00,2.051151E+04,1.407748E+00,2.192610E+04,2.031652E+04,1.407748E+00,1.011430E+05,1.407748E+00,0.000000E+00,0.000000E+00,2.021761E-01,2.945797E+03,4.521869E-01,5.912134E+03,5.900303E+03,2.021761E-01,1.452582E+04,2.021761E-01,0.000000E+00,0.000000E+00
14:30:00,1.407748E+00,2.051151E+04,1.407748E+00,2.192610E+04,2.031652E+04,1.407748E+00,1.011430E+05,1.407748E+00,0.000000E+00,0.000000E+00,2.021761E-01,2.945797E+03,4.559717E-01,5.953972E+03,5.922126E+03,2.021761E-01,1.452582E+04,2.021761E-01,0.000000E+00,0.000000E+00
14:40:00,1.407748E+00,2.051151E+04,1.407748E+00,2.192610E+04,2.031652E+04,1.407748E+00,1.011430E+05,1.407748E+00,0.000000E+00,0.000000E+00,2.021761E-01,2.945797E+03,4.607135E-01,6.006392E+03,5.959928E+03,2.021761E-01,1.452582E+04,2.021761E-01,0.000000E+00,0.000000E+00
14:50:00,1.407748E+00,2.051151E+04,1.407748E+00,2.192610E+04,2.031652E+04,1.407748E+00,1.011430E+05,1.407748E+00,0.000000E+00,0.000000E+00,2.021761E-01,2.945797E+03,4.663143E-01,6.068309E+03,6.014360E+03,2.021761E-01,1.452582E+04,2.021761E-01,0.000000E+00,0.000000E+00
15:00:00,1.407748E+00,2.051151E+04,1.407748E+00,2.192610E+04,2.031652E+04,1.407748E+00,1.011430E+05,1.407748E+00,0.000000E+00,0.000000E+00,2.021761E-01,2.945797E+03,4.726038E-01,6.137840E+03,6.081431E+03,2.021761E-01,1.452582E+04,2.021761E-01,0.000000E+00,0.000000E+00
15:10:00,1.407748E+00,2.068268E+04,1.407748E+00,2.175494E+04,2.014283E+04,1.407748E+00,1.011430E+05,1.407748E+00,0.000000E+00,0.000000E+00,2.021761E-01,2.970379E+03,4.793584E-01,6.187932E+03,6.131214E+03,2.021761E-01,1.452582E+04,2.021761E-01,0.000000E+00,0.000000E+00
15:20:00,1.407748E+00,2.085384E+04,1.407748E+00,2.158377E+04,1.996915E+04,1.407748E+00,1.011430E+05,1.407748E+00,0.000000E+00,0.000000E+00,2.021761E-01,2.994961E+03,4.862792E-01,6.239863E+03,6.164821E+03,2.021761E-01,1.452582E+04,2.021761E-01,0.000000E+00,0.000000E+00
15:30:00,1.407748E+00,2.102501E+04,1.407748E+00,2.141261E+04,1.979546E+04,1.407748E+00,1.011430E+05,1.407748E+00,0.000000E+00,0.000000E+00,2.021761E-01,3.019543E+03,4.930777E-01,6.290443E+03,6.192333E+03,2.021761E-01,1.452582E+04,2.021761E-01,0.000000E+00,0.000000E+00
15:40:00,1.407748E+00,2.119617E+04,1.407748E+00,2.124144E+04,1.962178E+04,1.407748E+00,1.011430E+05,1.407748E+00,0.000000E+00,0.000000E+00,2.021761E-01,3.044125E+03,4.994856E-01,6.336708E+03,6.221640E+03,2.021761E-01,1.452582E+04,2.021761E-01,0.000000E+00,0.000000E+00
15:50:00,1.407748E+00,2.136734E+04,1.407748E+00,2.107028E+04,1.944809E+04,1.407748E+00,1.011430E+05,1.407748E+00,0.000000E+00,0.000000E+00,2.021761E-01,3.068707E+03,5.052876E-01,6.376277E+03,6.252296E+03,2.021761E-01,1.452582E+04,2.021761E-01,0.000000E+00,0.000000E+00
16:00:00,1.407748E+00,2.153850E+04,1.407748E+00,2.089911E+04,1.927441E+04,1.407748E+00,1.011430E+05,1.407748E+00,0.000000E+00,0.000000E+00,2.021761E-01,3.093290E+03,5.103289E-01,6.407440E+03,6.279916E+03,2.021761E-01,1.452582E+04,2.021761E-01,0.000000E+00,0.000000E+00
16:10:00,1.407748E+00,2.176672E+04,1.407748E+00,2.067089E+04,1.904284E+04,1.407748E+00,1.011430E+05,1.407748E+00,0.000000E+00,0.000000E+00,2.021761E-01,3.126066E+03,5.162706E-01,6.440362E+03,6.312134E+03,2.021761E-01,1.452582E+04,2.021761E-01,0.000000E+00,0.000000E+00
16:20:00,1.407748E+00,2.199494E+04,1.407748E+00,2.044267E+04,1.881126E+04,1.407748E+00,1.011430E+05,1.407748E+00,0.000000E+00,0.000000E+00,2.021761E-01,3.158842E+03,5.214288E-01,6.464623E+03,6.336378E+03,2.021761E-01,1.452582E+04,2.021761E-01,0.000000E+00,0.000000E+00
16:30:00,1.407748E+00,2.222316E+04,1.407748E+00,2.021445E+04,1.857969E+04,1.407748E+00,1.011430E+05,1.407748E+00,0.000000E+00,0.000000E+00,2.021761E-01,3.191618E+03,5.258133E-01,6.480328E+03,6.352129E+03,2.021761E-01,1.452582E+04,2.021761E-01,0.000000E+00,0.000000E+00
16:40:00,1.407748E+00,2.245138E+04,1.407748E+00,1.998623E+04,1.834812E+04,1.407748E+00,1.011430E+05,1.407748E+00,0.000000E+00,0.000000E+00,2.021761E-01,3.224394E+03,5.294617E-01,6.487891E+03,6.359677E+03,2.021761E-01,1.452582E+04,2.021761E-01,0.000000E+00,0.000000E+00
16:50:00,1.407748E+00,2.267960E+04,1.407748E+00,1.975801E+04,1.811655E+04,1.407748E+00,1.011430E+05,1.407748E+00,0.000000E+00,0.000000E+00,2.021761E-01,3.257171E+03,5.324187E-01,6.487806E+03,6.359524E+03,2.021761E-01,1.452582E+04,2.021761E-01,0.000000E+00,0.000000E+00
17:00:00,1.407748E+00,2.290783E+04,1.407748E+00,1.952979E+04,1.788498E+04,1.407748E+00,1.011430E+05,1.407748E+00,0.000000E+00,0.000000E+00,2.021761E-01,3.289947E+03,5.347266E-01,6.480543E+03,6.352139E+03,2.021761E-01,1.452582E+04,2.021761E-01,0.000000E+00,0.000000E+00
17:10:00,1.407748E+00,2.319310E+04,1.407748E+00,1.924452E+04,1.759549E+04,1.407748E+00,1.011430E+05,1.407748E+00,0.000000E+00,0.000000E+00,2.021761E-01,3.330917E+03,5.371251E-01,6.466086E+03,6.337581E+03,2.021761E-01,1.452582E+04,2.021761E-01,0.000000E+00,0.000000E+00
17:20:00,1.407748E+00,2.347838E+04,1.407748E+00,1.895924E+04,1.730604E+04,1.407748E+00,1.011430E+05,1.407748E+00,0.000000E+00,0.000000E+00,2.021761E-01,3.371887E+03,5.389714E-01,6.445524E+03,6.324320E+03,2.021761E-01,1.452582E+04,2.021761E-01,0.000000E+00,0.000000E+00
17:30:00,1.407748E+00,2.376365E+04,1.407748E+00,1.867397E+04,1.701655E+04,1.407748E+00,1.011430E+05,1.407748E+00,0.000000E+00,0.000000E+00,2.021761E-01,3.412858E+03,5.402077E-01,6.418217E+03,6.305673E+03,2.021761E-01,1.452582E+04,2.021761E-01,0.000000E+00,0.000000E+00
17:40:00,1.407748E+00,2.404893E+04,1.407748E+00,1.838869E+04,1.672710E+04,1.407748E+00,1.011430E+05,1.407748E+00,0.000000E+00,0.000000E+00,2.021761E-01,3.453828E+03,5.408430E-01,6.384265E+03,6.277516E+03,2.021761E-01,1.452582E+04,2.021761E-01,0.000000E+00,0.000000E+00
17:50:00,1.407748E+00,2.433420E+04,1.407748E+00,1.810342E+04,1.643761E+04,1.407748E+00,1.011430E+05,1.407748E+00,0.000000E+00,0.000000E+00,2.021761E-01,3.494798E+03,5.409159E-01,6.344095E+03,6.239852E+03,2.021761E-01,1.452582E+04,2.021761E-01,0.000000E+00,0.000000E+00
18:00:00,1.407748E+00,2.461948E+04,1.407748E+00,1.781814E+04,1.614815E+04,1.407748E+00,1.011430E+05,1.407748E+00,0.000000E+00,0.000000E+00,2.021761E-01,3.535769E+03,5.403447E-01,6.296804E+03,6.192967E+03,2.021761E-01,1.452582E+04,2.021761E-01,0.000000E+00,0.000000E+00
18:10:00,1.407748E+00,2.504739E+04,1.407748E+00,1.739023E+04,1.571394E+04,1.407748E+00,1.011430E+05,1.407748E+00,0.000000E+00,0.000000E+00,2.021761E-01,3.597224E+03,5.403659E-01,6.235575E+03,6.131380E+03,2.021761E-01,1.452582E+04,2.021761E-01,0.000000E+00,0.000000E+00
18:20:00,1.407748E+00,2.547530E+04,1.407748E+00,1.696232E+04,1.527975E+04,1.407748E+00,1.011430E+05,1.407748E+00,0.000000E+00,0.000000E+00,2.021761E-01,3.658679E+03,5.398493E-01,6.168403E+03,6.085891E+03,2.021761E-01,1.452582E+04,2.021761E-01,0.000000E+00,0.000000E+00
18:30:00,1.407748E+00,2.590321E+04,1.407748E+00,1.653440E+04,1.484554E+04,1.407748E+00,1.011430E+05,1.407748E+00,0.000000E+00,0.000000E+00,2.021761E-01,3.720135E+03,5.388545E-01,6.095939E+03,6.039151E+03,2.021761E-01,1.452582E+04,2.021761E-01,0.000000E+00,0.000000E+00
18:40:00,1.407748E+00,2.633113E+04,1.407748E+00,1.610649E+04,1.441133E+04,1.407748E+00,1.011430E+05,1.407748E+00,0.000000E+00,0.000000E+00,2.021761E-01,3.781590E+03,5.374781E-01,6.019254E+03,5.979818E+03,2.021761E-01,1.452582E+04,2.021761E-01,0.000000E+00,0.000000E+00
18:50:00,1.407748E+00,2.675904E+04,1.407748E+00,1.567858E+04,1.397714E+04,1.407748E+00,1.011430E+05,1.407748E+00,0.000000E+00,0.000000E+00,2.021761E-01,3.843046E+03,5.358182E-01,5.939432E+03,5.907918E+03,2.021761E-01,1.452582E+04,2.021761E-01,0.000000E+00,0.000000E+00
19:00:00,1.407748E+00,2.718695E+04,1.407748E+00,1.525066E+04,1.354293E+04,1.407748E+00,1.011430E+05,1.407748E+00,0.000000E+00,0.000000E+00,2.021761E-01,3.904501E+03,5.340606E-01,5.858528E+03,5.829242E+03,2.021761E-01,1.452582E+04,2.021761E-01,0.000000E+00,0.000000E+00
19:10:00,1.407748E+00,2.750075E+04,1.407748E+00,1.493686E+04,1.322452E+04,1.407748E+00,1.011430E+05,1.407748E+00,0.000000E+00,0.000000E+00,2.021761E-01,3.949568E+03,5.322971E-01,5.793946E+03,5.764859E+03,2.021761E-01,1.452582E+04,2.021761E-01,0.000000E+00,0.000000E+00
19:20:00,1.407748E+00,2.781456E+04,1.407748E+00,1.462306E+04,1.290610E+04,1.407748E+00,1.011430E+05,1.407748E+00,0.000000E+00,0.000000E+00,2.021761E-01,3.994636E+03,5.304728E-01,5.728692E+03,5.720547E+03,2.021761E-01,1.452582E+04,2.021761E-01,0.000000E+00,0.000000E+00
19:30:00,1.407748E+00,2.812836E+04,1.407748E+00,1.430926E+04,1.258769E+04,1.407748E+00,1.011430E+05,1.407748E+00,0.000000E+00,0.000000E+00,2.021761E-01,4.039703E+03,5.283821E-01,5.660492E+03,5.677028E+03,2.021761E-01,1.452582E+04,2.021761E-01,0.000000E+00,0.000000E+00
19:40:00,1.407748E+00,2.844216E+04,1.407748E+00,1.399545E+04,1.226927E+04,1.407748E+00,1.011430E+05,1.407748E+00,0.000000E+00,0.000000E+00,2.021761E-01,4.084770E+03,5.256203E-01,5.584877E+03,5.617840E+03,2.021761E-01,1.452582E+04,2.021761E-01,0.000000E+00,0.000000E+00
19:50:00,1.407748E+00,2.875596E+04,1.407748E+00,1.368165E+04,1.195086E+04,1.407748E+00,1.011430E+05,1.407748E+00,0.000000E+00,0.000000E+00,2.021761E-01,4.129838E+03,5.213405E-01,5.492485E+03,5.532050E+03,2.021761E-01,1.452582E+04,2.021761E-01,0.000000E+00,0.000000E+00
20:00:00,1.407748E+00,2.906977E+04,1.407748E+00,1.336785E+04,1.163245E+04,1.407748E+00,1.011430E+05,1.407748E+00,0.000000E+00,0.000000E+00,2.021761E-01,4.174905E+03,5.149386E-01,5.376639E+03,5.416403E+03,2.021761E-01,1.452582E+04,2.021761E-01,0.000000E+00,0.000000E+00
20:10:00,1.407748E+00,2.932651E+04,1.407748E+00,1.311110E+04,1.137192E+04,1.407748E+00,1.011430E+05,1.407748E+00,0.000000E+00,0.000000E+00,2.021761E-01,4.211778E+03,5.043016E-01,5.222182E+03,5.257380E+03,2.021761E-01,1.452582E+04,2.021761E-01,0.000000E+00,0.000000E+00
20:20:00,1.407748E+00,2.958326E+04,1.407748E+00,1.285435E+04,1.111139E+04,1.407748E+00,1.011430E+05,1.407748E+00,0.000000E+00,0.000000E+00,2.021761E-01,4.248651E+03,4.911153E-01,5.039552E+03,5.068246E+03,2.021761E-01,1.452582E+04,2.021761E-01,0.000000E+00,0.000000E+00
20:30:00,1.407748E+00,2.984001E+04,1.407748E+00,1.259761E+04,1.085087E+04,1.407748E+00,1.011430E+05,1.407748E+00,0.000000E+00,0.000000E+00,2.021761E-01,4.285525E+03,4.752818E-01,4.827670E+03,4.847830E+03,2.021761E-01,1.452582E+04,2.021761E-01,0.000000E+00,0.000000E+00
20:40:00,1.407748E+00,3.009676E+04,1.407748E+00,1.234086E+04,1.059036E+04,1.407748E+00,1.011430E+05,1.407748E+00,0.000000E+00,0.000000E+00,2.021761E-01,4.322398E+03,4.568197E-01,4.586743E+03,4.596039E+03,2.021761E-01,1.452582E+04,2.021761E-01,0.000000E+00,0.000000E+00
20:50:00,1.407748E+00,3.035350E+04,1.407748E+00,1.208411E+04,1.032983E+04,1.407748E+00,1.011430E+05,1.407748E+00,0.000000E+00,0.000000E+00,2.021761E-01,4.359271E+03,4.383521E-01,4.345760E+03,4.344310E+03,2.021761E-01,1.452582E+04,2.021761E-01,0.000000E+00,0.000000E+00
21:00:00,1.407748E+00,3.061025E+04,1.407748E+00,1.182736E+04,1.006931E+04,1.407748E+00,1.011430E+05,1.407748E+00,0.000000E+00,0.000000E+00,2.021761E-01,4.396144E+03,4.212344E-01,4.119698E+03,4.107651E+03,2.021761E-01,1.452582E+04,2.021761E-01,0.000000E+00,0.000000E+00
21:10:00,1.407748E+00,3.086700E+04,1.407748E+00,1.157062E+04,9.808782E+03,1.407748E+00,1.011430E+05,1.407748E+00,0.000000E+00,0.000000E+00,2.021761E-01,4.433018E+03,4.060283E-01,3.914763E+03,3.892098E+03,2.021761E-01,1.452582E+04,2.021761E-01,0.000000E+00,0.000000E+00
21:20:00,1.407748E+00,3.112375E+04,1.407748E+00,1.131387E+04,9.548253E+03,1.407748E+00,1.011430E+05,1.407748E+00,0.000000E+00,0.000000E+00,2.021761E-01,4.469891E+03,3.931057E-01,3.735065E+03,3.702353E+03,2.021761E-01,1.452582E+04,2.021761E-01,0.000000E+00,0.000000E+00
21:30:00,1.407748E+00,3.138050E+04,1.407748E+00,1.105712E+04,9.287749E+03,1.407748E+00,1.011430E+05,1.407748E+00,0.000000E+00,0.000000E+00,2.021761E-01,4.506764E+03,3.829699E-01,3.586166E+03,3.545129E+03,2.021761E-01,1.452582E+04,2.021761E-01,0.000000E+00,0.000000E+00
21:40:00,1.407748E+00,3.163724E+04,1.407748E+00,1.080037E+04,9.027223E+03,1.407748E+00,1.011430E+05,1.407748E+00,0.000000E+00,0.000000E+00,2.021761E-01,4.543637E+03,3.760876E-01,3.473224E+03,3.426693E+03,2.021761E-01,1.452582E+04,2.021761E-01,0.000000E+00,0.000000E+00
21:50:00,1.407748E+00,3.189399E+04,1.407748E+00,1.054363E+04,8.766696E+03,1.407748E+00,1.011430E+05,1.407748E+00,0.000000E+00,0.000000E+00,2.021761E-01,4.580511E+03,3.707033E-01,3.376840E+03,3.325950E+03,2.021761E-01,1.452582E+04,2.021761E-01,0.000000E+00,0.000000E+00
22:00:00,1.407748E+00,3.215074E+04,1.407748E+00,1.028688E+04,8.506169E+03,1.407748E+00,1.011430E+05,1.407748E+00,0.000000E+00,0.000000E+00,2.021761E-01,4.617384E+03,3.661026E-01,3.289115E+03,3.234353E+03,2.021761E-01,1.452582E+04,2.021761E-01,0.000000E+00,0.000000E+00
22:10:00,1.407748E+00,3.235043E+04,1.407748E+00,1.008719E+04,8.303552E+03,1.407748E+00,1.011430E+05,1.407748E+00,0.000000E+00,0.000000E+00,2.021761E-01,4.646063E+03,3.602659E-01,3.195926E+03,3.135537E+03,2.021761E-01,1.452582E+04,2.021761E-01,0.000000E+00,0.000000E+00
22:20:00,1.407748E+00,3.255012E+04,1.407748E+00,9.887493E+03,8.100912E+03,1.407748E+00,1.011430E+05,1.407748E+00,0.000000E+00,0.000000E+00,2.021761E-01,4.674742E+03,3.547778E-01,3.106590E+03,3.030262E+03,2.021761E-01,1.452582E+04,2.021761E-01,0.000000E+00,0.000000E+00
22:30:00,1.407748E+00,3.274982E+04,1.407748E+00,9.687800E+03,7.898296E+03,1.407748E+00,1.011430E+05,1.407748E+00,0.000000E+00,0.000000E+00,2.021761E-01,4.703421E+03,3.495627E-01,3.020274E+03,2.925576E+03,2.021761E-01,1.452582E+04,2.021761E-01,0.000000E+00,0.000000E+00
22:40:00,1.407748E+00,3.294951E+04,1.407748E+00,9.488108E+03,7.695655E+03,1.407748E+00,1.011430E+05,1.407748E+00,0.000000E+00,0.000000E+00,2.021761E-01,4.732101E+03,3.445521E-01,2.936221E+03,2.826342E+03,2.021761E-01,1.452582E+04,2.021761E-01,0.000000E+00,0.000000E+00
22:50:00,1.407748E+00,3.314920E+04,1.407748E+00,9.288415E+03,7.493039E+03,1.407748E+00,1.011430E+05,1.407748E+00,0.000000E+00,0.000000E+00,2.021761E-01,4.760780E+03,3.396983E-01,2.853902E+03,2.733046E+03,2.021761E-01,1.452582E+04,2.021761E-01,0.000000E+00,0.000000E+00
23:00:00,1.407748E+00,3.334889E+04,1.407748E+00,9.088723E+03,7.290400E+03,1.407748E+00,1.011430E+05,1.407748E+00,0.000000E+00,0.000000E+00,2.021761E-01,4.789459E+03,3.349675E-01,2.772944E+03,2.644176E+03,2.021761E-01,1.452582E+04,2.021761E-01,0.000000E+00,0.000000E+00
23:10:00,1.407748E+00,3.354859E+04,1.407748E+00,8.889030E+03,7.087783E+03,1.407748E+00,1.011430E+05,1.407748E+00,0.000000E+00,0.000000E+00,2.021761E-01,4.818138E+03,3.309217E-01,2.699558E+03,2.565194E+03,2.021761E-01,1.452582E+04,2.021761E-01,0.000000E+00,0.000000E+00
23:20:00,1.407748E+00,3.374828E+04,1.407748E+00,8.689338E+03,6.885144E+03,1.407748E+00,1.011430E+05,1.407748E+00,0.000000E+00,0.000000E+00,2.021761E-01,4.846817E+03,3.269617E-01,2.627119E+03,2.482149E+03,2.021761E-01,1.452582E+04,2.021761E-01,0.000000E+00,0.000000E+00
23:30:00,1.407748E+00,3.394797E+04,1.407748E+00,8.489645E+03,6.682526E+03,1.407748E+00,1.011430E+05,1.407748E+00,0.000000E+00,0.000000E+00,2.021761E-01,4.875497E+03,3.230642E-01,2.555371E+03,2.398685E+03,2.021761E-01,1.452582E+04,2.021761E-01,0.000000E+00,0.000000E+00
23:40:00,1.407748E+00,3.414766E+04,1.407748E+00,8.289952E+03,6.479887E+03,1.407748E+00,1.011430E+05,1.407748E+00,0.000000E+00,0.000000E+00,2.021761E-01,4.904176E+03,3.192189E-01,2.484198E+03,2.317713E+03,2.021761E-01,1.452582E+04,2.021761E-01,0.000000E+00,0.000000E+00
23:50:00,1.407748E+00,3.434736E+04,1.407748E+00,8.090260E+03,6.277269E+03,1.407748E+00,1.011430E+05,1.407748E+00,0.000000E+00,0.000000E+00,2.021761E-01,4.932855E+03,3.154187E-01,2.413523E+03,2.239741E+03,2.021761E-01,1.452582E+04,2.021761E-01,0.000000E+00,0.000000E+00
24:00:00,1.407748E+00,3.454705E+04,1.407748E+00,7.890567E+03,6.074630E+03,1.407748E+00,1.011430E+05,1.407748E+00,0.000000E+00,0.000000E+00,2.021761E-01,4.961534E+03,3.116619E-01,2.343327E+03,2.164129E+03,2.021761E-01,1.452582E+04,2.021761E-01,0.000000E+00,0.000000E+00
Coinc Peak   ,1.407748E+00,1.407748E+00,1.011430E+05,1.610649E+04,3.103832E-01,5.409159E-01,1.682040E+04,6.344095E+03
NonCoinc Peak,1.407748E+00,1.407748E+00,1.011430E+05,1.610649E+04,3.103832E-01,5.409159E-01,1.682040E+04,6.344095E+03
